,Name,State,Surname,PartyNm,Current Prop,Projected votes,Funding
189,Flinders,VIC,WILD,Animal Justice Party,0.04291994734358312,4641.234345893048,12196.421263511587
291,Isaacs,VIC,JOHNSTON,Animal Justice Party,0.04722731283513202,4645.42017240209,12207.42094584511
100,Casey,VIC,BACON,Animal Justice Party,0.043313830005892104,4232.497526685759,11122.326300525905
435,O'Connor,WA,YOUNG,Australian Christians,0.04192010784958834,3941.7896612046416,10358.392543300006
568,Burt,WA,SPYKER,Australian Christians,0.052457739571914845,4833.141377718803,12700.722238024578
421,Murray,VIC,DANIELI,Australian Country Party,0.04072077374821077,4020.6470375770873,10565.617111226573
209,Fenner,ACT,LEIGH,Australian Labor Party,0.4648380645848371,60989.54310191814,160270.76094494457
320,Leichhardt,QLD,HOWES,Australian Labor Party,0.2843031994846468,28312.618423878033,74401.03119900366
91,Canning,WA,WINMAR,Australian Labor Party,0.3400041141379412,30971.3147609392,81387.65978138646
253,Hasluck,WA,LEADBETTER,Australian Labor Party,0.35765864332603936,31509.011159737416,82800.63988600437
164,Durack,WA,MARTIN,Australian Labor Party,0.2540618939751968,21530.72926682203,56579.3115965256
98,Capricornia,QLD,NEATON,Australian Labor Party,0.3938939076787485,36692.39918199846,96421.75426642282
314,Lalor,VIC,RYAN,Australian Labor Party,0.5280026117008702,60761.484549312736,159671.45955806598
101,Casey,VIC,MELKONIAN,Australian Labor Party,0.29259101933432907,28591.116636292634,75132.87994151523
311,La Trobe,VIC,CURTIS,Australian Labor Party,0.3220704121548841,32283.69397358127,84836.3823715358
533,Wannon,VIC,BARLING,Australian Labor Party,0.31377937450567717,29764.483906859525,78216.30138980174
471,Port Adelaide,SA,BUTLER,Australian Labor Party,0.492433883100029,51445.55263522623,135190.68103695288
85,Canberra,ACT,BRODTMANN,Australian Labor Party,0.4268703080507378,57975.817758219004,152351.17293775824
324,Lilley,QLD,SWAN,Australian Labor Party,0.43562012375571696,43934.467581382836,115452.75128906107
83,Calwell,VIC,VAMVAKINOU,Australian Labor Party,0.5874824087104659,58425.71302866454,153533.42572524582
440,Oxley,QLD,DICK,Australian Labor Party,0.46875321280126897,41660.91054092558,109478.20715586586
245,Griffith,QLD,BUTLER,Australian Labor Party,0.3370203891840099,33223.80698614888,87306.84895048146
173,Fadden,QLD,SCANLON,Australian Labor Party,0.26317226317226317,25549.552825552826,67140.13689710073
76,Bruce,VIC,HILL,Australian Labor Party,0.4531092541200912,40439.0947117099,106267.47064721974
333,Longman,QLD,LAMB,Australian Labor Party,0.36795806555045935,36299.799082683916,95390.0640214401
436,O'Connor,WA,FORD,Australian Labor Party,0.20565247396042305,19337.70777897254,50816.4020098952
464,Perth,WA,HAMMOND,Australian Labor Party,0.38283582089552237,34758.812686567166,91340.59833026867
175,Fairfax,QLD,ANDERSON,Australian Labor Party,0.20871124643589778,21104.463817105112,55459.1541971415
68,Brand,WA,KING,Australian Labor Party,0.48776097912167027,44149.19726421886,116017.0265388049
247,Groom,QLD,HERBERTSON,Australian Labor Party,0.2303010363546636,22127.093271919723,58146.46078368152
530,Wakefield,SA,CHAMPION,Australian Labor Party,0.40526768249380163,42352.904426697234,111296.65636865205
162,Dunkley,VIC,MURPHY,Australian Labor Party,0.34688967476375443,33967.43695286683,89260.98952222157
239,Grey,SA,MARTIN,Australian Labor Party,0.2199483038878674,20880.792229594692,54871.38105261811
514,Swan,WA,SOLONEC,Australian Labor Party,0.3383225806451613,29994.665032258064,78821.18055836903
142,Dawson,QLD,GILBERT,Australian Labor Party,0.33441809807497996,32521.156783497576,85460.39664194627
270,Holt,VIC,BYRNE,Australian Labor Party,0.5451343463822079,58823.26678071853,154578.13337704338
148,Denison,TAS,AUSTIN,Australian Labor Party,0.23164579606440072,16161.695545617175,42470.35002259463
275,Hotham,VIC,O'NEIL,Australian Labor Party,0.46799104323362234,43306.48716770971,113802.51923879428
511,Sturt,SA,LOADER,Australian Labor Party,0.22624505928853755,22148.712569169962,58203.27283776759
136,Curtin,WA,CALLANAN,Australian Labor Party,0.15752639337671426,14289.061616808374,37549.36767911372
151,Dickson,QLD,LAVARCH,Australian Labor Party,0.3580353235165394,34217.79390379918,89918.88753215964
268,Hinkler,QLD,LAWSON,Australian Labor Party,0.26860349257957944,25593.883790445227,67256.63157988359
458,Pearce,WA,FRENCH,Australian Labor Party,0.3477305470262089,33596.68226203123,88286.70551545615
262,Hindmarsh,SA,GEORGANAS,Australian Labor Party,0.3441270943658304,35767.88193419568,93992.27086195677
286,Indi,VIC,KERR,Australian Labor Party,0.09736468360422913,9611.062647940666,25256.3348687644
208,Franklin,TAS,COLLINS,Australian Labor Party,0.47540595799327484,34718.42170629087,91234.4572966594
261,Higgins,VIC,KATTER,Australian Labor Party,0.15126484254001032,14560.905007743933,38263.728615549815
521,Tangney,WA,BOSWELL,Australian Labor Party,0.23625649605424853,20867.355013991502,54836.07019996743
289,Isaacs,VIC,DREYFUS,Australian Labor Party,0.4466164392859567,43930.532817484556,115442.41135909861
122,Corio,VIC,MARLES,Australian Labor Party,0.46574221013123757,47268.1769062193,124213.20600123932
292,Jagajaga,VIC,MACKLIN,Australian Labor Party,0.38994363690299616,37803.47582319786,99341.48590723227
466,Petrie,QLD,PEDERSEN,Australian Labor Party,0.3919847116822689,38740.24104027032,101803.15501526395
296,Kennedy,QLD,JACOBSEN,Australian Labor Party,0.18834322719913654,17369.765785213167,45644.96532101457
118,Corangamite,VIC,COKER,Australian Labor Party,0.31514759257849184,33208.67756795858,87267.09126018427
508,Stirling,WA,PEARSON,Australian Labor Party,0.3283339658444023,29616.05205313093,77826.24622729958
113,Chisholm,VIC,PERRI,Australian Labor Party,0.3734187051254157,33964.29832468218,89252.74170953283
302,Kingston,SA,RISHWORTH,Australian Labor Party,0.501956701703334,49753.44631613276,130744.0963673863
256,Herbert,QLD,O'TOOLE,Australian Labor Party,0.31290532656771497,30627.48626977451,80484.13351916424
309,Kooyong,VIC,D'ARCY,Australian Labor Party,0.20352214960058096,19041.939360929555,50039.16993022512
126,Cowan,WA,ALY,Australian Labor Party,0.4260209910582357,38190.22572242448,100357.80276241594
344,Lyons,TAS,MITCHELL,Australian Labor Party,0.392191723662488,28420.173255202193,74683.66808695054
72,Brisbane,QLD,O'NEILL,Australian Labor Party,0.2632225280542028,26106.67355494389,68604.16103462374
493,Ryan,QLD,HEGEDUS,Australian Labor Party,0.23192266498228656,22929.96196413369,60256.27124782908
371,Maribyrnong,VIC,SHORTEN,Australian Labor Party,0.5117243077596585,51672.38542464704,135786.76131430446
372,Mayo,SA,DALLIMORE,Australian Labor Party,0.13321587444394462,13102.447330934172,34431.13519412206
422,Murray,VIC,WILLIAMS,Australian Labor Party,0.14400759835725657,14218.878239000442,37364.93699157492
61,Braddon,TAS,KEAY,Australian Labor Party,0.40722166499498497,28158.156469408226,73995.1298965697
377,McEwen,VIC,MITCHELL,Australian Labor Party,0.45777133562742733,56663.39369529858,148902.33248825342
30,Bendigo,VIC,CHESTERS,Australian Labor Party,0.38699996340079784,40438.78717563957,106266.66249163268
28,Batman,VIC,FEENEY,Australian Labor Party,0.36048190095491894,35971.4074505885,94527.10335495448
560,Wills,VIC,KHALIL,Australian Labor Party,0.38604328108189084,39965.90276056491,105023.9979103229
200,Forrest,WA,LOUD,Australian Labor Party,0.23588653275891008,22102.568119509873,58082.01260717282
23,Bass,TAS,HART,Australian Labor Party,0.4123413871023814,28650.304258647662,75288.41554304467
385,McMillan,VIC,BUCKINGHAM,Australian Labor Party,0.29778334436147086,32741.27871254372,86038.8418519709
216,Gellibrand,VIC,WATTS,Australian Labor Party,0.4787226944581593,47019.18560429149,123558.89669838134
555,Wide Bay,QLD,STANTON,Australian Labor Party,0.23591535048084056,22871.28548306605,60102.07884382029
390,McPherson,QLD,GADD,Australian Labor Party,0.2625776270073592,25231.084179137146,66303.25224930375
214,Fremantle,WA,WILSON,Australian Labor Party,0.423622457094111,38910.569929008285,102250.75208224513
392,Melbourne,VIC,ISMAIL,Australian Labor Party,0.24866151100535397,25172.750743605,66149.96131407496
414,Moreton,QLD,PERRETT,Australian Labor Party,0.3740143616125427,33904.027865815384,89094.3605869043
564,Wright,QLD,SMITH,Australian Labor Party,0.2314069338431894,21777.012323181025,57226.504063348024
396,Melbourne Ports,VIC,DANBY,Australian Labor Party,0.2711096189357059,24945.338257512172,65552.35768662079
412,Moore,WA,WALKER,Australian Labor Party,0.2907979372296773,26859.26067428191,70581.83957030498
565,Burt,WA,KEOGH,Australian Labor Party,0.4830381353487567,44504.235562222355,116950.01037983039
7,Ballarat,VIC,KING,Australian Labor Party,0.431189882005185,45345.22156131127,119159.98702767621
6,Aston,VIC,KLISARIS,Australian Labor Party,0.31860575744907815,28978.149457266005,76149.9402697819
400,Menzies,VIC,RUNDELL,Australian Labor Party,0.25901107062054196,24161.588711766635,63492.789280328834
407,Moncrieff,QLD,SHEPPARD,Australian Labor Party,0.24107591393836747,22601.831235377704,59393.996193574945
2,Adelaide,SA,ELLIS,Australian Labor Party,0.3665503391058142,37018.28529663528,97278.13083391005
17,Barker,SA,O'BRIEN,Australian Labor Party,0.1536814282742502,15361.995570294048,40368.86643944151
40,Blair,QLD,NEUMANN,Australian Labor Party,0.4265537546641791,39650.30426480877,104194.65555923508
146,Deakin,VIC,CLARK,Australian Labor Party,0.31830404511693483,30048.220163083766,78961.91487335804
356,Makin,SA,ZAPPIA,Australian Labor Party,0.42304732346744384,42582.6744382625,111900.45519584372
195,Forde,QLD,HARDMAN,Australian Labor Party,0.3863336117227242,35449.199544453724,93154.82453089727
229,Goldstein,VIC,COOTE,Australian Labor Party,0.22286200538930648,21787.43537086938,57253.894164985395
230,Gorton,VIC,O'CONNOR,Australian Labor Party,0.6290911379657603,67249.84264853978,176721.82650553877
56,Bowman,QLD,RICHARDS,Australian Labor Party,0.3245781476674047,31904.08444681988,83838.82927273115
184,Fisher,QLD,GISSANE,Australian Labor Party,0.250149175532302,23075.510995328263,60638.75081396342
49,Bonner,QLD,FRASER HARDY,Australian Labor Party,0.35887977549219574,34031.492470598445,89429.31717393742
52,Boothby,SA,WARD,Australian Labor Party,0.2463944417968848,24835.820549800595,65264.56267358799
474,Rankin,QLD,CHALMERS,Australian Labor Party,0.5056962931157865,47474.262301416915,124754.76544615542
190,Flynn,QLD,BEERS,Australian Labor Party,0.3618139700641482,34471.46418389166,90585.49244099786
496,Scullin,VIC,GILES,Australian Labor Party,0.5845854274662526,60268.41923006078,158375.76278952294
187,Flinders,VIC,GLEIXNER,Australian Labor Party,0.2791411042944785,30185.481595092024,79322.61595484662
365,Maranoa,QLD,KERRIGAN,Australian Labor Party,0.1946592864088563,18901.806028872765,49670.92195491301
362,Mallee,VIC,SENIOR,Australian Labor Party,0.21370712401055408,20095.521992084432,52807.81651167915
224,Gippsland,VIC,BHATTI,Australian Labor Party,0.2003710340998006,19696.873394078597,51760.2317798955
329,Lingiari,NT,SNOWDON,Australian Labor Party (Northern Territory) Branch,0.4070281885981545,19365.180128934397,50888.59495001897
505,Solomon,NT,GOSLING,Australian Labor Party (Northern Territory) Branch,0.4242666891436278,26500.970203978424,69640.30954082267
178,Farrer,NSW,PIKE,Australian Liberty Alliance,0.06386186950771855,6728.997466289288,17682.72870181364
342,Lyons,TAS,SHAY,Australian Recreational Fishers Party,0.062426298506921135,4523.72172130404,11887.61688811161
25,Bass,TAS,TAPSELL,Australian Recreational Fishers Party,0.049104814879193465,3411.90074743612,8965.929260142533
60,Braddon,TAS,SALTMARSH,Australian Recreational Fishers Party,0.05787538052754756,4001.908937338331,10516.37638189516
87,Canberra,ACT,BUCKNELL,Bullet Train For Australia,0.045172146000517735,6135.100181206317,16122.061660181207
133,Cunningham,NSW,RYAN,Christian Democratic Party (Fred Nile Group),0.04023447273420466,4193.116044940607,11018.838067536724
205,Fowler,NSW,HALL,Christian Democratic Party (Fred Nile Group),0.05810531399507991,5648.882415973679,14844.359167992272
278,Hughes,NSW,CAUDRE,Christian Democratic Party (Fred Nile Group),0.04781093848805346,4706.652217579447,12368.328963443973
13,Banks,NSW,BONDAR,Christian Democratic Party (Fred Nile Group),0.05508513636303778,5369.148241305293,14109.2625144317
403,Mitchell,NSW,ALLEN,Christian Democratic Party (Fred Nile Group),0.07067952693332502,6852.804213347461,18008.07302400299
542,Watson,NSW,ABDULLA,Christian Democratic Party (Fred Nile Group),0.09698389900975131,9276.994859777762,24378.458172318395
480,Reid,NSW,KANG,Christian Democratic Party (Fred Nile Group),0.04111298625785316,3963.785231092139,10416.193381673165
550,Werriwa,NSW,EDWARDS,Christian Democratic Party (Fred Nile Group),0.06534087182379872,6562.902506854167,17246.257723611652
345,Macarthur,NSW,GENT,Christian Democratic Party (Fred Nile Group),0.0425219178438565,4200.315044616145,11037.755886844092
236,Greenway,NSW,WRIGHT,Christian Democratic Party (Fred Nile Group),0.05091946898083579,4995.963699054703,13128.59324692391
219,Gilmore,NSW,RYAN,Christian Democratic Party (Fred Nile Group),0.050162157309423076,5484.629955897701,14412.729983306213
382,McMahon,NSW,MAKSIMOVIC,Christian Democratic Party (Fred Nile Group),0.07543012856749431,7498.20736038034,19704.089229901874
526,Whitlam,NSW,PINSUTI,Christian Democratic Party (Fred Nile Group),0.0412751373189886,4354.279336329384,11442.349411179808
115,Cook,NSW,CAPSIS,Christian Democratic Party (Fred Nile Group),0.04899212900748704,4818.179919370321,12661.405919318104
39,Berowra,NSW,THEW,Christian Democratic Party (Fred Nile Group),0.05680833715537889,5657.258255618407,14866.369534444275
502,Shortland,NSW,COX,Christian Democratic Party (Fred Nile Group),0.041041886659626894,4269.053924674411,11218.390665416404
34,Bennelong,NSW,WORSLEY,Christian Democratic Party (Fred Nile Group),0.06628145933972084,6561.002815660946,17241.26563910646
451,Parramatta,NSW,PIPER,Christian Democratic Party (Fred Nile Group),0.053472978634268954,4962.506309174696,13040.672579501634
47,Blaxland,NSW,NASR,Christian Democratic Party (Fred Nile Group),0.05982185403760859,5594.360324035042,14701.083833912246
20,Barton,NSW,SUSILO,Christian Democratic Party (Fred Nile Group),0.04321316037156771,4245.001595940582,11155.184993876499
107,Chifley,NSW,GREEN,Christian Democratic Party (Fred Nile Group),0.09027398900850311,8704.127746210861,22873.05505660275
446,Parkes,NSW,RYAN,Christian Democratic Party (Fred Nile Group),0.042730766884265754,4330.934146787871,11381.00198829504
504,Solomon,NT,GRIGGS,Country Liberals (NT),0.3432653405259609,21441.382965273096,56344.52381146325
332,Lingiari,NT,MacFARLANE,Country Liberals (NT),0.33055239539881176,15726.691315889268,41327.22850754645
159,Dunkley,VIC,STANFIELD,Derryn Hinch's Justice Party,0.05646704156762711,5529.252710302047,14529.99144224013
241,Grey,SA,KAMINSKI,Family First,0.04180989687425054,3969.222559756975,10430.48181143177
196,Forde,QLD,HELLBERG,Family First,0.05543998177814896,5087.061847999393,13367.984606646723
153,Dickson,QLD,HUTCHINSON,Family First,0.04193079301435812,4007.3678191752197,10530.72144994141
246,Groom,QLD,SANDS,Family First,0.10390963426002084,9983.533750068542,26235.129329780117
467,Petrie,QLD,WHITE,Family First,0.050504071345482744,4991.367875145405,13116.516157022103
477,Rankin,QLD,LAWRIE,Family First,0.0572062401602977,5370.464620008587,14112.721747043366
470,Port Adelaide,SA,HAMBOUR,Family First,0.04567389469174846,4771.643126236345,12539.114672848917
408,Moncrieff,QLD,ROSE,Family First,0.06470410931377474,6066.269064603637,15941.184498728022
304,Kingston,SA,DOECKE,Family First,0.043034894513709454,4265.575709304368,11209.250471938389
16,Barker,SA,ZEPPEL,Family First,0.058026700603272106,5800.34899230308,15242.389095933726
389,McPherson,QLD,GREEN,Family First,0.062169999726424646,5973.915273712144,15698.49351287172
58,Bowman,QLD,SAUNDERS,Family First,0.04719910412053651,4639.388740424016,12191.571307635846
95,Capricornia,QLD,TEMPLE,Family First,0.053294039881017954,4964.4996970364655,13045.910883860306
376,Mayo,SA,HICKS,Family First,0.04653371320037987,4576.823361823362,12027.159503133902
529,Wakefield,SA,PHILLIPS,Family First,0.05596601173641653,5848.784022525946,15369.668605754581
358,Makin,SA,COOMBE,Family First,0.04482545449957736,4511.995773563958,11856.80297360231
271,Holt,VIC,BULL,Family First Party,0.05386434537586797,5812.286052128409,15273.757779225118
138,Dawson,QLD,HALL,Glenn Lazarus Team,0.04500898867558099,4376.989121734224,11502.027093658062
553,Wide Bay,QLD,DEAN,Glenn Lazarus Team,0.04554834706842368,4415.77560324247,11603.951761224693
180,Farrer,NSW,MILLS,Independent,0.04167645132185542,4391.364322881262,11539.802822240294
348,Mackellar,NSW,BALL,Independent,0.07684889473354625,7773.496248982404,20427.50438292592
352,Mackellar,NSW,HEGARTY,Independent,0.048581626902122865,4914.177306030434,12913.671691879015
429,North Sydney,NSW,RUFF,Independent,0.13301793229152706,13139.910405553917,34529.582160130805
65,Bradfield,NSW,BERMAN,Independent,0.046655267936432196,4620.131217941071,12140.965619754263
424,New England,NSW,WINDSOR,Independent,0.29703453364114524,30972.384891829497,81390.47191414522
193,Forde,QLD,WILKS,Independent,0.05846177207501329,5364.335282059069,14096.614827606103
420,Murray,VIC,SUMMER,Independent,0.04006528166093668,3955.925715355905,10395.539831840862
218,Gellibrand,VIC,TRAN,Independent,0.04973378347722814,4884.752745566394,12836.348654909192
391,McPherson,QLD,JONES,Independent,0.04155609662681586,3993.1253248707358,10493.294453708315
401,Menzies,VIC,MAYNE,Independent,0.06880710177717138,6418.601682181655,16867.05824450424
487,Riverina,NSW,FOLEY,Independent,0.06001931656165203,6298.907234512257,16552.52038714069
339,Lyne,NSW,CHRISTENSEN,Independent,0.09413465178438278,9982.979821733794,26233.67369474493
540,Warringah,NSW,MATHISON,Independent,0.11647931779168282,11000.306772246526,28907.04614838031
104,Hunter,NSW,HARVEY,Independent,0.04849549233110877,5193.770237677087,13648.397181377355
330,Lingiari,NT,EARLEY,Independent,0.04512703830109974,2147.009101251422,5641.996396632537
519,Tangney,WA,JENSEN,Independent,0.12019366014716987,10616.10503249878,27897.425448601593
140,Dawson,QLD,LARGE,Independent,0.04654428070912121,4526.29166611991,11894.370291896543
321,Leichhardt,QLD,McCARTHY,Independent,0.0739746617994417,7366.8406699592015,19358.878586145587
149,Denison,TAS,WILKIE,Independent,0.4436672629695885,30954.22127012522,81342.74082248587
536,Wannon,VIC,McCLUSKEY,Independent,0.0452162955614837,4289.127364371221,11271.14045318927
97,Capricornia,QLD,MURRAY,Independent,0.049204032169218904,4583.503208659248,12044.713071843118
129,Cowper,NSW,OAKESHOTT,Independent,0.2656034047780971,29506.147840203583,77537.43554040058
285,Indi,VIC,McGOWAN,Independent,0.34668086897059597,34221.56193782547,89928.78932269529
141,Dawson,QLD,DODD,Katter's Australian Party,0.061884078890390645,6018.041019853819,15814.44891361266
254,Herbert,QLD,DWYER,Katter's Australian Party,0.0688817735326839,6742.216875152633,17717.467193201097
94,Capricornia,QLD,CARTER,Katter's Australian Party,0.0665555800374573,6199.85194722926,16292.218941006939
322,Leichhardt,QLD,TASSELL,Katter's Australian Party,0.041429568391668455,4125.804997852695,10841.955405557226
297,Kennedy,QLD,KATTER,Katter's Australian Party,0.407875940446335,37615.9507317228,98848.69997085043
366,Maranoa,QLD,GURNETT,Katter's Australian Party,0.047243623307652034,4587.450310419627,12055.085423733113
381,McMahon,NSW,BOWEN,Labor,0.5464625820759229,54321.659433839195,142748.62952661997
281,Hume,NSW,CHAMPION-FASHOYIN,Labor,0.32066476290858287,32646.238182197005,85789.09054470458
280,Hughes,NSW,STEINWALL,Labor,0.3210127586762718,31601.45900236823,83043.57802478332
402,Mitchell,NSW,PUNCH,Labor,0.249606556866167,24200.853327516088,63595.97040817988
455,Paterson,NSW,SWANSON,Labor,0.4697097517043252,50021.740007752116,131449.1292619713
484,Richmond,NSW,ELLIOT,Labor,0.3131022946288956,32517.551910978582,85450.92361374595
423,New England,NSW,EWINGS,Labor,0.06890068305685794,7184.412023704691,18879.485292372134
327,Lindsay,NSW,HUSAR,Labor,0.4191691500471206,43409.15717887981,114072.31960094752
222,Gilmore,NSW,PHILLIPS,Labor,0.39981595987027413,43715.07742029603,114876.22904815072
450,Parramatta,NSW,OWENS,Labor,0.4659572685379137,43242.69834939254,113634.8924304677
426,Newcastle,NSW,CLAYDON,Labor,0.4759187531701019,50500.21481763268,132706.48450636785
353,Macquarie,NSW,TEMPLEMAN,Labor,0.35940832387532895,35652.94632010876,93690.2384578346
445,Parkes,NSW,STEWART,Labor,0.2915258373497651,29547.309718748093,77645.60237131499
351,Mackellar,NSW,FUNNELL,Labor,0.17162001377669234,17359.87925355376,45618.98509765872
444,Page,NSW,SAFFIN,Labor,0.3531080732525148,39016.676554036625,102529.5833157596
234,Grayndler,NSW,ALBANESE,Labor,0.46769923037877437,45102.575281577105,118522.35142793957
347,Macarthur,NSW,FREELANDER,Labor,0.5308150576237676,52433.91139207576,137787.92971255237
238,Greenway,NSW,ROWLAND,Labor,0.49856655818998913,48916.857856810784,128545.67575044165
432,North Sydney,NSW,HAYES,Labor,0.1663494786501193,16432.500549494733,43181.98224398424
337,Lyne,NSW,ALLEY,Labor,0.2639005196563156,27986.65010955227,73544.43862388583
479,Reid,NSW,TSIREKAS,Labor,0.3717186901706068,35838.142356728546,94176.90401070553
299,Kingsford Smith,NSW,THISTLETHWAITE,Labor,0.48461965855136885,48468.26591069805,127366.84789076877
204,Fowler,NSW,HAYES,Labor,0.6188140479029264,60159.8641090267,158090.49730026472
525,Whitlam,NSW,JONES,Labor,0.534284352444505,56363.793476780615,148115.03105002316
537,Warringah,NSW,WOODWARD,Labor,0.14710116839249127,13892.234342986876,36506.569095874635
32,Bennelong,NSW,HOWISON,Labor,0.28718407216632413,28427.489751527926,74702.89466865515
81,Calare,NSW,JENNINGS,Labor,0.26995739647562617,29084.669981491013,76429.85916416135
44,Blaxland,NSW,CLARE,Labor,0.6497012572852902,60758.11247754848,159662.59829300098
156,Dobell,NSW,McBRIDE,Labor,0.44019990740630827,46160.2426904403,121301.73215164663
182,Farrer,NSW,KUNDE,Labor,0.18116649569269178,19089.151318147546,50163.23539988085
552,Werriwa,NSW,STANLEY,Labor,0.5248652123151999,52717.98679015099,138534.43440663037
543,Watson,NSW,BURKE,Labor,0.5713961750699221,54656.9011263134,143629.5910557714
105,Hunter,NSW,FITZGIBBON,Labor,0.5236857510830114,56085.696569488355,147384.23687316428
19,Barton,NSW,BURNEY,Labor,0.48661183178513456,47801.82668358091,125615.55223218126
134,Cunningham,NSW,BIRD,Labor,0.4824919876568215,50283.86747763096,132137.95831241776
37,Berowra,NSW,ANDREWS,Labor,0.19951077816847576,19868.280843907658,52210.6631328543
499,Shortland,NSW,CONROY,Labor,0.5136806288865423,53431.517974891474,140409.4801951388
518,Sydney,NSW,PLIBERSEK,Labor,0.44302432104967643,43170.06194036467,113444.0155693679
10,Banks,NSW,GAMBIAN,Labor,0.4056783912980497,39541.472799820905,103908.66388228137
128,Cowper,NSW,WOOD,Labor,0.13338305947392667,14817.657460017988,38938.43297973367
110,Chifley,NSW,HUSIC,Labor,0.6210062675484703,59876.80331075596,157346.65881213694
492,Robertson,NSW,CHARLTON,Labor,0.392040748204285,39977.96325738376,105055.69096628334
117,Cook,NSW,ATKINS,Labor,0.26687144045562167,26245.73868304857,68969.60194086235
488,Riverina,NSW,KURYLOWICZ,Labor,0.2599457296601205,27280.784436370323,71689.53657327138
548,Wentworth,NSW,HUGHES,Labor,0.18220588902499887,16728.504877274172,43959.83425669616
66,Bradfield,NSW,GOMPERTZ,Labor,0.170411017005315,16875.291780985328,44345.56675374448
169,Eden-Monaro,NSW,KELLY,Labor,0.4304289325100914,43898.5859688392,115358.4601523544
545,Watson,NSW,ZAMAN,Liberal,0.24355582432534584,23297.332375840957,61221.661910529896
75,Bruce,VIC,KROGER,Liberal,0.3983814204430939,35554.74501170524,93432.18113155951
539,Warringah,NSW,ABBOTT,Liberal,0.5183288111191096,48950.97292208871,128635.3246835816
433,O'Connor,WA,WILSON,Liberal,0.41952205941356785,39448.0787687172,103663.2393115858
341,Lyons,TAS,HUTCHINSON,Liberal,0.4184793454400319,30325.10576731191,79689.52593957292
70,Brand,WA,BUCHANAN,Liberal,0.30944024478041754,28008.674316054712,73602.31471470122
92,Canning,WA,HASTIE,Liberal,0.4995151194569338,45501.33174645156,119570.21961659526
82,Calwell,VIC,HSU,Liberal,0.2626916524701874,26124.947529812605,68652.18211674276
114,Cook,NSW,MORRISON,Liberal,0.587470403788315,57775.36433096563,151824.41340348474
452,Parramatta,NSW,BECKWITH,Liberal,0.3519899455383326,32666.07490573942,85841.21828029827
301,Kingsford Smith,NSW,FENELEY,Liberal,0.3726386503687241,37268.70933932721,97936.2051502576
112,Chisholm,VIC,BANKS,Liberal,0.4463214496627607,40595.1674540764,106677.60484252013
527,Whitlam,NSW,HEWITT,Liberal,0.2573085478233238,27144.50794407372,71331.42375575469
306,Kingston,SA,BINNS,Liberal,0.23126708978250507,22922.96267215212,60237.878228388225
326,Lindsay,NSW,SCOTT,Liberal,0.3896742314255877,40354.663406433865,106045.59868596317
308,Kooyong,VIC,FRYDENBERG,Liberal,0.5775236020334059,54034.26325344952,141993.39834794478
102,Casey,VIC,SMITH,Liberal,0.4910042614998835,47979.46342098412,126082.3531561989
312,La Trobe,VIC,WOOD,Liberal,0.4225863144169171,42359.206984522934,111313.21848220874
531,Wakefield,SA,BOURNE,Liberal,0.26501625904837844,27695.789168109837,72780.10260752575
315,Lalor,VIC,MURPHY,Liberal,0.30357645416577544,34934.97119248911,91803.51469847058
535,Wannon,VIC,TEHAN,Liberal,0.5276619703205223,50052.959180664104,131531.16825331637
88,Canberra,ACT,ADELAN-LANGFORD,Liberal,0.3792289770803879,51505.36275114996,135347.8524519819
210,Fenner,ACT,GUNNING,Liberal,0.29717544876877017,38991.20193115526,102462.64008276703
64,Bradfield,NSW,FLETCHER,Liberal,0.6097392871817302,60380.6523917452,158670.6935811237
207,Franklin,TAS,MARKHAM,Liberal,0.3514641523461922,25667.07558169007,67448.96789658844
346,Macarthur,NSW,MATHESON,Liberal,0.35155701240927184,34726.801685787876,91256.4785419808
419,Murray,VIC,MCGAUCHIE,Liberal,0.312174762216901,30823.199497010155,80998.43656622316
386,McMillan,VIC,BROADBENT,Liberal,0.48049201247754986,52830.09677190661,138829.04150108708
18,Barton,NSW,VARVARIS,Liberal,0.3534940186329473,34725.13142638895,91252.08936752194
15,Barker,SA,PASIN,Liberal,0.4646908383402063,46450.496200487025,122064.47193548782
393,Melbourne,VIC,LIU,Liberal,0.24349617678211286,24649.84846418363,64775.85778812031
12,Banks,NSW,COLEMAN,Liberal,0.4366909411749213,42564.266036319576,111852.08086088204
383,McMahon,NSW,BILIC,Liberal,0.2901537881752692,28843.02746735081,75794.86129980315
395,Melbourne Ports,VIC,GUEST,Liberal,0.409165687426557,37648.15323149236,98933.32298784488
9,Ballarat,VIC,WADE,Liberal,0.3572553485329392,37570.044217769486,98728.06499722337
5,Aston,VIC,TUDGE,Liberal,0.5100546337806865,46390.99910625478,121908.12309138055
567,Burt,WA,O'SULLIVAN,Liberal,0.34825188945941266,32085.839583453526,84316.4526909825
1,Adelaide,SA,COLOVIC,Liberal,0.36604991110818463,36967.746572726675,97145.32315367406
404,Mitchell,NSW,HAWKE,Liberal,0.5998410645558377,58158.1902550758,152830.4186798984
410,Moore,WA,GOODENOUGH,Liberal,0.5504047909504269,50837.588111345234,133593.04754251745
398,Menzies,VIC,ANDREWS,Liberal,0.5047926633391479,47089.078806929065,123742.56485200048
547,Wentworth,NSW,TURNBULL,Liberal,0.6187105848192006,56804.43750283563,149272.97304745158
24,Bass,TAS,NIKOLIC,Liberal,0.3803580740483226,26428.03970102555,69448.65984794298
379,McEwen,VIC,JERMYN,Liberal,0.3343881739823185,41390.90256370537,108768.66939300753
62,Braddon,TAS,WHITELEY,Liberal,0.41070580161537246,28399.07406429816,74628.22278912527
431,North Sydney,NSW,ZIMMERMAN,Liberal,0.5163106119495001,51002.71118020747,134026.9645477964
350,Mackellar,NSW,FALINSKI,Liberal,0.5115786836996681,51747.718592272526,135984.72482551742
54,Boothby,SA,FLINT,Liberal,0.4188592640898944,42219.75724246908,110946.76687204995
354,Macquarie,NSW,MARKUS,Liberal,0.38381621122737875,38074.18433754474,100052.86456957358
427,Newcastle,NSW,COMPTON,Liberal,0.29853137824503156,31677.463076958546,83243.30457215474
27,Batman,VIC,SOURIS,Liberal,0.19170552964690207,19129.719686875418,50269.8425819587
359,Makin,SA,REYNOLDS,Liberal,0.28739765085853425,28928.585342467482,76019.69370634975
369,Maribyrnong,VIC,HATZAKORTZIAN,Liberal,0.32334190653387324,32650.09569607092,85799.22747396301
36,Berowra,NSW,LEESER,Liberal,0.5735871171584366,57120.67306222291,150103.98949983183
35,Bennelong,NSW,ALEXANDER,Liberal,0.502708906028984,49761.64648109104,130765.64508887028
375,Mayo,SA,BRIGGS,Liberal,0.3762683060928675,37007.869245763985,97250.75911878842
31,Bendigo,VIC,PURCELL,Liberal,0.3799241176542351,39699.41082604399,104323.69974511143
558,Wills,VIC,HONG,Liberal,0.21810778051670365,22580.044193552778,59336.74333358573
46,Blaxland,NSW,FINDLAY,Liberal,0.23717972215094754,22180.336076390162,58286.37435498112
549,Werriwa,NSW,MANNOUN,Liberal,0.3674358200731986,36905.621203972136,96982.06762464614
108,Chifley,NSW,KUMAR,Liberal,0.22206549654686022,21411.333111551718,56265.55760386006
120,Corangamite,VIC,HENDERSON,Liberal,0.4627528617477601,48762.582806670216,128140.26560268026
265,Hindmarsh,SA,WILLIAMS,Liberal,0.40849280071434774,42457.924720647876,111572.63289790732
259,Higgins,VIC,O'DWYER,Liberal,0.5155334203893225,49625.76258009657,130408.56393848096
157,Dobell,NSW,McNAMARA,Liberal,0.3720723180474602,39016.247415092774,102528.4556072774
506,Stirling,WA,KEENAN,Liberal,0.496258064516129,44762.97367741935,117629.93274846967
161,Dunkley,VIC,CREWTHER,Liberal,0.42286509362861613,41406.94996811409,108810.83940420892
165,Durack,WA,PRICE,Liberal,0.42251845574694846,35806.7490507309,94094.40742547269
251,Hasluck,WA,WYATT,Liberal,0.44984370115661143,39630.33038449515,104142.16739759174
500,Shortland,NSW,BARRIE,Liberal,0.35251671946497715,36667.731608588525,96356.93183031327
472,Port Adelaide,SA,FLOWERDEW,Liberal,0.18442173699396475,19266.907707233484,50630.35074937644
240,Grey,SA,RAMSEY,Liberal,0.4160071415247688,39493.637980653926,103782.9616310816
237,Greenway,NSW,KEANE,Liberal,0.34312206208998397,33665.421121958774,88467.34024112814
147,Denison,TAS,ALLAN,Liberal,0.1954561717352415,13636.781645796063,35835.28028008873
497,Scullin,VIC,STOCKMAN,Liberal,0.27799121122016685,28659.78191195432,75313.32129951003
181,Farrer,NSW,LEY,Liberal,0.574274802555958,60510.18739571618,159011.0908459588
231,Gorton,VIC,LANG,Liberal,0.27784491440080566,29701.621349446126,78051.10864692851
228,Goldstein,VIC,WILSON,Liberal,0.5571266487023118,54465.8154304354,143127.44842071537
188,Flinders,VIC,HUNT,Liberal,0.5075383125108666,54883.67049998758,144225.50468668737
478,Reid,NSW,LAUNDY,Liberal,0.4894558450214854,47189.41693021145,124006.23738588687
220,Gilmore,NSW,SUDMALIS,Liberal,0.44822749155547575,49008.29747169261,128785.96442801271
198,Forrest,WA,MARINO,Liberal,0.4900128685727074,45914.20578526269,120655.1865307447
217,Gellibrand,VIC,WILLIS,Liberal,0.26039845741202844,25575.81569009461,67209.15150305821
490,Robertson,NSW,WICKS,Liberal,0.4452013302508438,45398.96045099955,119301.20423155466
203,Fowler,NSW,FARHAN,Liberal,0.24949063523445872,24254.980576223606,63738.20815742344
213,Fremantle,WA,KELLY,Liberal,0.3634313144311265,33381.89309312783,87722.27394584504
235,Grayndler,NSW,VAN GOGH,Liberal,0.23258749125430425,22429.57471910883,58941.33362986295
512,Sturt,SA,PYNE,Liberal,0.44872200263504614,43928.53789196311,115437.16901401634
167,Eden-Monaro,NSW,HENDY,Liberal,0.40683827320397875,41492.62180752739,109035.97129069276
284,Indi,VIC,MIRABELLA,Liberal,0.27201357109042135,26851.003629477673,70560.14137768661
515,Swan,WA,IRONS,Liberal,0.4805483870967742,42603.97835483871,111956.43847997936
516,Sydney,NSW,WINTERS,Liberal,0.2918673719672567,28440.724193977363,74737.67266590147
279,Hughes,NSW,KELLY,Liberal,0.5243580364781589,51619.3781850194,135647.4667697214
137,Curtin,WA,BISHOP,Liberal,0.6613755825900501,59992.71772116086,157651.26333637536
457,Pearce,WA,PORTER,Liberal,0.4553749436092961,43996.96092669936,115616.97380161764
456,Paterson,NSW,HOWARD,Liberal,0.30963998267174353,32975.109954627325,86653.31294316787
282,Hume,NSW,TAYLOR,Liberal,0.5425833098427562,55239.32160847132,145160.09889560528
462,Perth,WA,QUINN,Liberal,0.4220597014925373,38320.06647761194,100699.00349252776
124,Cowan,WA,SIMPKINS,Liberal,0.42664554358919676,38246.213109509954,100504.92865769463
290,Isaacs,VIC,SPENCER,Liberal,0.40633950994366386,39968.773216588605,105031.54100948019
274,Hotham,VIC,HUA,Liberal,0.3709737612677269,34328.79894643164,90210.59102339092
132,Cunningham,NSW,BLICAVS,Liberal,0.29175652008149355,30405.989253333013,79902.07479947862
144,Deakin,VIC,SUKKAR,Liberal,0.4945420718324394,46685.26612305411,122681.40972880652
522,Tangney,WA,MORTON,Liberal,0.49221954072341245,43475.2909343954,114246.10852904161
293,Jagajaga,VIC,MULHOLLAND,Liberal,0.41710040182303604,40436.21555513605,106259.90468440871
273,Holt,VIC,MATHIAS,Liberal,0.2966690147931971,32012.366710274728,84123.37773592834
121,Corio,VIC,LANGE,Liberal,0.3472127761404569,35238.624650494974,92601.46740155671
226,Gippsland,VIC,BUCKLEY,Liberal Democrats,0.045142482142406425,4437.596279562837,11661.293007286404
79,Calare,NSW,DAVIS,Liberal Democrats,0.06156154511702279,6632.517747817801,17429.19543842553
387,McPherson,QLD,ANDREWS,Liberal National Party of Queensland,0.5323092495827976,51149.59579241102,134412.95380712938
244,Griffith,QLD,WARD,Liberal National Party of Queensland,0.4097845538192732,40396.97110005777,106156.77653557582
43,Blair,QLD,HARDING,Liberal National Party of Queensland,0.2850396455223881,26495.860249533584,69626.88139813433
563,Wright,QLD,BUCHHOLZ,Liberal National Party of Queensland,0.41686707395402334,39230.10972859128,103090.45154918129
323,Lilley,QLD,KINGSTON,Liberal National Party of Queensland,0.3937315039009954,39709.79082593489,104350.97672402475
494,Ryan,QLD,PRENTICE,Liberal National Party of Queensland,0.5205558454398155,51466.83588278911,135246.61000622855
416,Moreton,QLD,MONSOUR,Liberal National Party of Queensland,0.37961814646395053,34412.00535881065,90429.24416209699
439,Oxley,QLD,ROADLEY,Liberal National Party of Queensland,0.32133887526253174,28559.31387783277,75049.30738072407
185,Fisher,QLD,WALLACE,Liberal National Party of Queensland,0.48685072259172474,44910.518606918835,118017.6572160056
406,Moncrieff,QLD,CIOBO,Liberal National Party of Queensland,0.5946233009430035,55748.31295661035,146497.64671989894
176,Fairfax,QLD,O'BRIEN,Liberal National Party of Queensland,0.4876207924241056,49307.23928834071,129571.53569147324
556,Wide Bay,QLD,O'BRIEN,Liberal National Party of Queensland,0.4362633360758555,42294.42164254596,111142.97296914797
367,Maranoa,QLD,LITTLEPROUD,Liberal National Party of Queensland,0.474306230832523,46056.083626299645,121028.01879653525
171,Fadden,QLD,ROBERT,Liberal National Party of Queensland,0.4944171444171444,47999.49963144963,126135.0051115086
71,Brisbane,QLD,EVANS,Liberal National Party of Queensland,0.4972686851577387,49319.60546262968,129604.03201891678
336,Longman,QLD,ROY,Liberal National Party of Queensland,0.3816620429103177,37651.72385718866,98942.70602087466
266,Hinkler,QLD,PITT,Liberal National Party of Queensland,0.4354056321778803,41487.625662069324,109022.84221981226
465,Petrie,QLD,HOWARTH,Liberal National Party of Queensland,0.44196255470004986,43679.601243560624,114783.00333187835
154,Dickson,QLD,DUTTON,Liberal National Party of Queensland,0.44103570470556674,42150.22333441572,110764.042887111
319,Leichhardt,QLD,ENTSCH,Liberal National Party of Queensland,0.39152082885978096,38989.99326283015,102459.46389579558
258,Herbert,QLD,JONES,Liberal National Party of Queensland,0.3485333622771552,34114.79403305023,89648.22035181071
194,Forde,QLD,van MANEN,Liberal National Party of Queensland,0.40121479006909117,36814.66670715967,96743.05375974246
476,Rankin,QLD,OSTAPOVITCH,Liberal National Party of Queensland,0.283011306712466,26568.818462859595,69818.60390944096
139,Dawson,QLD,CHRISTENSEN,Liberal National Party of Queensland,0.4250921831327831,41338.93953311376,108632.11886269765
96,Capricornia,QLD,LANDRY,Liberal National Party of Queensland,0.3898727553156329,36317.816775917156,95437.41163642614
298,Kennedy,QLD,PAVETTO,Liberal National Party of Queensland,0.3174343671629472,29275.067077235643,76930.19226824291
249,Groom,QLD,McVEIGH,Liberal National Party of Queensland,0.5272385809069474,50656.555614958605,133117.3231072128
50,Bonner,QLD,VASTA,Liberal National Party of Queensland,0.4606894356926905,43685.79711843076,114799.28509969708
192,Flynn,QLD,O'DOWD,Liberal National Party of Queensland,0.35149382276075075,33488.22246970777,88001.69053479686
57,Bowman,QLD,LAMING,Liberal National Party of Queensland,0.4974167112061286,48893.07821129521,128483.18664677
3,Adelaide,SA,HILL,Nick Xenophon Team,0.12263119773490486,12384.647290445777,32544.87153572503
305,Kingston,SA,CAREY,Nick Xenophon Team,0.1681634598499862,16668.19397687078,43801.346860180114
413,Moreton,QLD,SOARES,Nick Xenophon Team,0.04796901076355396,4348.342856705403,11426.749292564728
14,Barker,SA,STACEY,Nick Xenophon Team,0.29123481112565924,29111.8317201209,76501.2358674025
473,Port Adelaide,SA,SLATTERY,Nick Xenophon Team,0.1844469363841395,19269.540337923823,50637.268881609736
538,Warringah,NSW,ROWLAND,Nick Xenophon Team,0.06493991915388449,6132.925964892851,16116.348167584028
373,Mayo,SA,SHARKIE,Nick Xenophon Team,0.35246413755185685,34666.61024891288,91098.30507650322
242,Grey,SA,BROADFOOT,Nick Xenophon Team,0.28482159511818156,27039.538132544567,71055.57988622591
80,Calare,NSW,BLOOMFIELD,Nick Xenophon Team,0.053478922755100924,5761.712179789063,15140.857734536892
509,Sturt,SA,WRIGHT,Nick Xenophon Team,0.20553359683794467,20121.122529644268,52875.09062830039
360,Makin,SA,BOSSIE,Nick Xenophon Team,0.16360723162131133,16468.213113306334,43275.82914767091
248,Groom,QLD,TOWNSEND,Nick Xenophon Team,0.07436804298952679,7145.207202390744,18776.461294730492
51,Boothby,SA,HOCKLEY,Nick Xenophon Team,0.20233765582281973,20395.02869397276,53594.872203169376
264,Hindmarsh,SA,KIRK,Nick Xenophon Team,0.14692495628340754,15271.086106184814,40129.9709132767
528,Wakefield,SA,INWOOD,Nick Xenophon Team,0.1985721939125126,20751.985697021042,54532.898094059776
177,Fairfax,QLD,PASQUALI,Pauline Hanson's One Nation,0.09609206672773485,9716.637603375093,25533.768959653204
482,Richmond,NSW,SMITH,Pauline Hanson's One Nation,0.06077796768367334,6312.1566117555785,16587.33763063578
438,Oxley,QLD,TRUSSELL,Pauline Hanson's One Nation,0.08035307768002703,7141.460131890082,18766.614592986032
267,Hinkler,QLD,HUXHAM,Pauline Hanson's One Nation,0.19513346268813256,18593.291992238712,48860.19642888458
334,Longman,QLD,PEDERSEN,Pauline Hanson's One Nation,0.08958469838702932,8837.709665277216,23224.08696680208
155,Dobell,NSW,EDWARDS,Pauline Hanson's One Nation,0.08510309951447667,8924.081221287053,23451.05759654697
318,Leichhardt,QLD,ROGERS,Pauline Hanson's One Nation,0.07290100923341207,7259.9199055185745,19077.90792451793
453,Paterson,NSW,BURSTON,Pauline Hanson's One Nation,0.12891310791399713,13728.601427301124,36076.567974718986
191,Flynn,QLD,BAKER,Pauline Hanson's One Nation,0.16788429555713946,15995.008374910905,42032.32280792587
172,Fadden,QLD,BALL,Pauline Hanson's One Nation,0.11926016926016926,11578.135012285013,30425.486310683045
42,Blair,QLD,AGGETT,Pauline Hanson's One Nation,0.15177530317164178,14108.273306319961,37074.28492527985
368,Maranoa,QLD,KEEHN,Pauline Hanson's One Nation,0.1831401002318797,17783.270012715984,46731.58827021557
562,Wright,QLD,SMITH,Pauline Hanson's One Nation,0.20941939145891525,19707.830672024138,51789.02575317191
255,Herbert,QLD,VIRGO,Pauline Hanson's One Nation,0.1344937996906629,13164.387607521776,34593.90433055002
554,Wide Bay,QLD,COTTAM,Pauline Hanson's One Nation,0.14944497646376498,14488.242133232623,38072.78220739402
67,Brand,WA,SCOTT,Rise Up Australia Party,0.055270578353731704,5002.761129109672,13146.45580551956
461,Pearce,WA,SAMURIWO-VUNTARDE,Rise Up Australia Party,0.045345402156671565,4381.136720171136,11512.926318734519
313,Lalor,VIC,VALE,Rise Up Australia Party,0.043475813623622385,5003.109680179216,13147.371741962152
363,Mallee,VIC,MIDDLETON,Rise Up Australia Party,0.05200527704485488,4890.212216358839,12850.695270636412
269,Holt,VIC,ROBERTSON,Rise Up Australia Party,0.0433229344872698,4674.8045687833355,12284.6384380316
569,Burt,WA,BLEVIN,"Shooters, Fishers and Farmers",0.04028442854670282,3711.5655397219175,9753.400387902844
328,Lingiari,NT,RIGHTON,"Shooters, Fishers and Farmers",0.069871065604854,3324.2556882821386,8735.612067895336
405,Mitchell,NSW,BELLSTEDT,The Greens,0.07987285164467021,7744.152204060645,20350.392927918725
158,Dobell,NSW,BOYD,The Greens,0.055247569415591356,5793.370624057741,15224.051060723894
152,Dickson,QLD,BERKMAN,The Greens,0.0994197455916195,9501.644505936667,24968.80149848061
510,Sturt,SA,GALDIES,The Greens,0.0686824769433465,6723.808445322793,17669.092784957047
150,Denison,TAS,BROWN,The Greens,0.10499105545617174,7325.1209481216465,19249.245832311986
145,Deakin,VIC,BRIERS,The Greens,0.11866451547260862,11202.048925129726,29437.1922474129
143,Dawson,QLD,DYKYJ,The Greens,0.05002165155431916,4864.455548702876,12783.010869103364
131,Cunningham,NSW,BLAKEY,The Greens,0.14401963470863666,15009.294270429986,39442.023855606734
517,Sydney,NSW,ELLSMORE,The Greens,0.18494931883329885,18022.201424391973,47359.4617910742
127,Cowper,NSW,VERNON,The Greens,0.06313757321808569,7014.016146370357,18431.71219007788
123,Corio,VIC,MANSFIELD,The Greens,0.11534295574195824,11706.156578251343,30761.906502592006
523,Whitlam,NSW,HUNT,The Greens,0.08004221707748876,8443.9736483726,22189.411712139452
119,Corangamite,VIC,PATERSON,The Greens,0.11282012233813041,11888.420391380492,31240.866641285313
116,Cook,NSW,HUNT,The Greens,0.06438855826454214,6332.357151084661,16640.421415906316
160,Dunkley,VIC,SWAIN,The Greens,0.09548379616209636,9349.773320192475,24569.708321734593
111,Chisholm,VIC,FERGEUS,The Greens,0.12031827930252074,10943.549093960773,28757.89605107388
503,Solomon,NT,WILLIAMS,The Greens,0.09832265677680378,6141.528110249495,16138.953229238032
501,Shortland,NSW,MACFADYEN,The Greens,0.09276076498885369,9648.696491845594,25355.230589131526
483,Richmond,NSW,WALKER,The Greens,0.2075711844067057,21557.512927742828,56649.694772039715
211,Fenner,ACT,SAEEDI,The Greens,0.16483451466707688,21627.277331408488,56833.02446256848
206,Franklin,TAS,DELANEY,The Greens,0.13019381220324092,9507.92391139048,24985.30277130836
202,Fowler,NSW,CASHMAN,The Greens,0.05876937472645226,5713.441072156235,15014.008987055042
409,Moncrieff,QLD,BRISBANE,The Greens,0.09959667580485425,9337.586743408305,24537.68394779808
491,Robertson,NSW,MORRIS,The Greens,0.08092771397134274,8252.522704513705,21686.309263829295
168,Eden-Monaro,NSW,RYAN,The Greens,0.07185342605284006,7328.187216277052,19257.30349442149
197,Forde,QLD,SPAIN,The Greens,0.06206058765469592,5694.555402019589,14964.380467643155
495,Ryan,QLD,BAYLEY,The Greens,0.18741932826188448,18529.961565924255,48693.774201398395
183,Fisher,QLD,GIBSON,The Greens,0.11957328520906405,11030.276840680532,28985.802693013928
179,Farrer,NSW,COHN,The Greens,0.08379784696387299,8829.611538889369,23202.806386355038
498,Scullin,VIC,LJUBICIC,The Greens,0.07281004131252795,7506.424019156382,19725.681294499907
174,Fairfax,QLD,ETHERIDGE,The Greens,0.12260511682514288,12397.584203124798,32578.867672339467
170,Fadden,QLD,KWON,The Greens,0.07435162435162435,7218.278746928746,18968.481622329236
186,Flinders,VIC,HOGARTH,The Greens,0.10665408211420481,11533.252477583765,30307.54219069372
109,Chifley,NSW,JAMES,The Greens,0.04139775645717175,3991.5302798440434,10489.102930585372
106,Hunter,NSW,MORRIS,The Greens,0.06750965929048121,7230.149490691956,18999.67603761995
99,Casey,VIC,SUTHERLAND,The Greens,0.11649926691239945,11383.958864878938,29915.222463483467
4,Aston,VIC,RAYMOND,The Greens,0.08105692580473109,7372.370572717707,19373.410285810496
8,Ballarat,VIC,BARNES,The Greens,0.10453565284810894,10993.28286046568,28888.588432046134
11,Banks,NSW,CLARK,The Greens,0.05638884865085531,5496.221077998867,14443.189597608543
21,Barton,NSW,HEBER,The Greens,0.08106559725007162,7963.397880263536,20926.535485671728
22,Bass,TAS,RILEY-GIBSON,The Greens,0.10695289414218669,7431.300990787416,19528.269995630802
561,Wright,QLD,AGNOLETTO,The Greens,0.07604522980865461,7156.388441603059,18805.84380238218
26,Batman,VIC,BHATHAL,The Greens,0.3666860981567844,36590.50567677104,96153.994437646
559,Wills,VIC,RATNAM,The Greens,0.3046971822354175,31544.385185286064,82893.59716530213
29,Bendigo,VIC,GLAISHER,The Greens,0.10750405641157022,11233.421366614208,29519.63400404348
557,Wide Bay,QLD,MARSH,The Greens,0.08065712628640023,7819.466422087643,20548.30664261879
33,Bennelong,NSW,ALICK,The Greens,0.08871333635805599,8781.467026074888,23076.29030980063
38,Berowra,NSW,HEYDE,The Greens,0.11297966671762727,11251.080110074912,29566.038356459256
41,Blair,QLD,WALSH,The Greens,0.06193155317164179,5756.847525069963,15128.07420027985
45,Blaxland,NSW,VIRAGO,The Greens,0.04149408012902753,3880.4018914262674,10197.075306365603
48,Bonner,QLD,AUSTIN,The Greens,0.09399817732066137,8913.565160786357,23423.42307212082
551,Werriwa,NSW,WESTERBERG,The Greens,0.04235809578780286,4254.489499022708,11180.117685111833
53,Boothby,SA,BANGE,The Greens,0.08228197346309163,8293.776079159246,21794.716531857834
532,Wakefield,SA,VANSTONE,The Greens,0.04091549032555474,4275.914231962423,11236.418455320134
93,Capricornia,QLD,GIAMARELOS,The Greens,0.047179684917924423,4394.929189159414,11549.170720440674
534,Wannon,VIC,CAMPBELL,The Greens,0.08059305333994665,7644.89585372066,20089.5631202413
86,Canberra,ACT,CAHILL,The Greens,0.1487285688683566,20199.71930942472,53081.63039007865
84,Calwell,VIC,ABBOUD,The Greens,0.08500111102881268,8453.44549292645,22214.302204131844
77,Calare,NSW,SKY,The Greens,0.06963321541612362,7502.143362502326,19714.432413718114
481,Reid,NSW,MANTEL,The Greens,0.07713471274800392,7436.711925460554,19542.489066202263
541,Warringah,NSW,WILLIAMS ROLDAN,The Greens,0.11886040201561549,11225.176366354726,29497.967462561603
73,Brisbane,QLD,LOVEJOY,The Greens,0.19620297833298045,19459.607594043333,51136.73521993083
544,Watson,NSW,BLOCH,The Greens,0.06088139693098496,5823.610023433366,15303.515363979137
546,Wentworth,NSW,TOBOREK,The Greens,0.14864721806330627,13647.449737610212,35863.31431848162
63,Bradfield,NSW,JONES,The Greens,0.11510066669317534,11398.073720625074,29952.314046007396
59,Braddon,TAS,JORDAN,The Greens,0.06526597335867251,4512.946259832128,11859.300699437259
55,Bowman,QLD,SCOTT,The Greens,0.09488177954238884,9326.30963833957,24508.049520014254
74,Bruce,VIC,BAUER,The Greens,0.06868110571929117,6129.651323235299,16107.742933250647
215,Gellibrand,VIC,MARSDEN,The Greens,0.2111450646525841,20738.245960047505,54496.79226365124
489,Riverina,NSW,POYNTER,The Greens,0.04273789265510739,4485.25635836821,11786.536068774318
223,Gippsland,VIC,ONLEY,The Greens,0.0754436002927888,7416.256795981725,19488.736258752615
338,Lyne,NSW,LYFORD,The Greens,0.09170270611313136,9725.071983297581,25555.933160588716
335,Longman,QLD,BELL,The Greens,0.042561793366884614,4198.806039229901,11033.790462129904
331,Lingiari,NT,HOAD,The Greens,0.0813424345847554,3870.0290102389076,10169.81703426621
325,Lilley,QLD,OGDEN,The Greens,0.11485068603712671,11583.265940274414,30438.969568490716
441,Oxley,QLD,PURCELL,The Greens,0.08500888569036674,7555.249724617034,19853.987436337626
443,Page,NSW,FALLA-RICKETTS,The Greens,0.10832043676382082,11968.866660218382,31452.266564388272
343,Lyons,TAS,RUBENACH-QUINN,The Greens,0.09012898895157925,6531.19718437619,17162.941208991127
317,Leichhardt,QLD,PUDNIKS,The Greens,0.08679138930642044,8643.207295469187,22712.965859325748
310,La Trobe,VIC,CUMMINGS,The Greens,0.10485288281648619,10510.243267758942,27619.237668747657
447,Parkes,NSW,PARMETER,The Greens,0.06257092306753706,6341.813336587151,16665.270758417177
221,Gilmore,NSW,McCALLUM,The Greens,0.10179439126482702,11129.995152113657,29247.846460530352
449,Parramatta,NSW,BRADLEY,The Greens,0.06501885211562632,6034.009551738584,15856.41166044072
307,Kooyong,VIC,McLEOD,The Greens,0.18904320987654322,17687.260802469136,46479.2914271605
303,Kingston,SA,HOLTHAM,The Greens,0.055577854150465344,5508.821325539974,14476.301032106965
316,Lalor,VIC,SOVA,The Greens,0.09577737501547882,11021.868762031272,28963.70760761626
300,Kingsford Smith,NSW,MACDONALD,The Greens,0.09873472067885646,9874.75561925447,25949.27780650167
349,Mackellar,NSW,HALL,The Greens,0.13695284613939507,13853.19124553823,36403.97008267518
355,Macquarie,NSW,MORGAN,The Greens,0.10894373838536275,10807.1099040896,28399.355690362816
399,Menzies,VIC,CRANSTON,The Greens,0.09184642752284071,8567.802145040672,22514.81318882368
397,Melbourne Ports,VIC,HODGINS-MAY,The Greens,0.2514017122712775,23131.974349504784,60787.127474602654
394,Melbourne,VIC,BANDT,The Greens,0.4452489081702239,45073.882720796275,118446.95196901727
415,Moreton,QLD,LYONS,The Greens,0.12761624791389156,11568.285257146355,30399.60273013948
388,McPherson,QLD,BURGOYNE,The Greens,0.10138702705660274,9742.279429868957,25601.15157698684
418,Murray,VIC,CHRISTOE,The Greens,0.04065388680052975,4014.0428210239056,10548.26228679946
430,North Sydney,NSW,CHESTERFIELD-EVANS,The Greens,0.12752298496260756,12597.103023561262,33103.171209435226
384,McMillan,VIC,LANCASTER,The Greens,0.09508223839682389,10454.292111730787,27472.20698289063
378,McEwen,VIC,BARKER,The Greens,0.0727950695420295,9010.646502981954,23678.537306396098
374,Mayo,SA,DANIELL,The Greens,0.0797096016394262,7839.837869245764,20601.839546318788
370,Maribyrnong,VIC,BALL,The Greens,0.09341140418080332,9432.403359964977,24786.846845450367
364,Mallee,VIC,HEALY,The Greens,0.06928759894459102,6515.320791556727,17121.22058888443
357,Makin,SA,SNAPE,The Greens,0.04427034051196649,4456.119664913011,11709.969500245006
428,Newcastle,NSW,MACKENZIE,The Greens,0.13651035182367316,14485.249942361783,38064.91920853599
380,McMahon,NSW,O'NEILL,The Greens,0.05087620124364047,5057.399660825325,13290.037124703222
295,Kennedy,QLD,WEIER,The Greens,0.04901431700580934,4520.296371543761,11878.615616997557
0,Adelaide,SA,GUY,The Greens,0.10366761045631132,10469.495647593336,27512.159442571672
454,Paterson,NSW,BROWN,The Greens,0.05661323787592056,6029.02676759616,15843.317700959893
233,Grayndler,NSW,CASEY,The Greens,0.21936262741278312,21154.23497455174,55589.94483552604
469,Port Adelaide,SA,CAREY,The Greens,0.066475991281011,6944.879761109782,18250.032831434728
468,Petrie,QLD,WEBER,The Greens,0.0736581177643605,7279.705436769513,19129.901134960397
257,Herbert,QLD,TUBMAN,The Greens,0.06159607087618376,6029.0850134317425,15843.47076169647
260,Higgins,VIC,BALL,The Greens,0.2631419113851013,25330.303531841237,66563.98483311367
263,Hindmarsh,SA,O'SULLIVAN,The Greens,0.06298909875609242,6546.960946510734,17204.365853678766
232,Gorton,VIC,SWIFT,The Greens,0.09306394763343404,9948.536002014098,26143.160847532727
272,Holt,VIC,TILTON,The Greens,0.06100935896145718,6583.275888094998,17299.79570977156
475,Rankin,QLD,COTTER,The Greens,0.060684127665664805,5696.965221124946,14970.713086680977
276,Hotham,VIC,BENNETT,The Greens,0.08662513636102659,8016.0302434403175,21064.844914922203
250,Groom,QLD,van GEUNS,The Greens,0.06418270548884136,6166.61016066239,16204.864844595053
277,Hughes,NSW,SMITH,The Greens,0.0695589639310114,6847.593086260555,17994.379015798935
243,Griffith,QLD,ANDERSON,The Greens,0.17142696106750835,16899.44124899604,44409.02769176176
294,Jagajaga,VIC,McKINNON,The Greens,0.14686766807799143,14238.232949488956,37415.79807398506
283,Hume,NSW,SHERWOOD,The Greens,0.06277499295282683,6390.9964825413945,16794.51619668158
288,Isaacs,VIC,BRESKIN,The Greens,0.09981673793524741,9818.27379352474,25800.852605576052
227,Goldstein,VIC,HERCUS,The Greens,0.16226067224507162,15862.927840022692,41685.23629512523
163,Durack,WA,JAMES,The Greens (WA),0.099995111060411,8474.18568192559,22268.804102391343
201,Forrest,WA,READING,The Greens (WA),0.12008336597101774,11251.811391484362,29567.960046998265
411,Moore,WA,LINDLEY,The Greens (WA),0.1223244981701231,11298.37994898525,29690.334765141397
252,Hasluck,WA,HYSLOP,The Greens (WA),0.12330415754923414,10862.84967177243,28545.83088147046
513,Swan,WA,NIELSEN-HARVEY,The Greens (WA),0.14401612903225808,12768.037951612905,33552.360850766454
520,Tangney,WA,KERR,The Greens (WA),0.11878710709050799,10491.871233769118,27570.958902947837
125,Cowan,WA,YOUNG,The Greens (WA),0.06711654759547275,6016.59579264856,15810.651087753591
69,Brand,WA,JECKS,The Greens (WA),0.1127009839212863,10201.016858651308,26806.640141838252
566,Burt,WA,SALMAN,The Greens (WA),0.07596780707321295,6999.217936883401,18392.824863259677
212,Fremantle,WA,DAVIS,The Greens (WA),0.17100183624192125,15706.86066249295,41275.116723325475
463,Perth,WA,CLIFFORD,The Greens (WA),0.1653731343283582,15014.722985074626,39456.28964909851
437,O'Connor,WA,WATSON,The Greens (WA),0.10600394806528751,9967.65724052705,26193.408402946603
459,Pearce,WA,MILES,The Greens (WA),0.10461748912205131,10107.827946505231,26561.754590944307
507,Stirling,WA,WEBSTER,The Greens (WA),0.1106944971537002,9984.75433776091,26238.336838941632
135,Curtin,WA,GLANCE,The Greens (WA),0.13755825900501809,12477.772116086186,32789.588677535925
90,Canning,WA,BLUNDELL-CAMDEN,The Greens (WA),0.08335537335801817,7592.924314555233,19952.99023076082
417,Murray,VIC,DRUM,The Nationals,0.37009885890867256,36542.451032065605,96027.71452010328
225,Gippsland,VIC,CHESTER,The Nationals,0.5713925136929251,56169.02688104192,147603.2155990772
486,Riverina,NSW,McCORMACK,The Nationals,0.571126339511567,59938.56707905993,157508.96411303684
485,Richmond,NSW,FRASER,The Nationals,0.37362570760148855,38803.2714886602,101968.7889487608
340,Lyne,NSW,GILLESPIE,The Nationals,0.4998221926513944,53006.143530680376,139291.66421566313
425,New England,NSW,JOYCE,The Nationals,0.5210629031106457,54332.27103315325,142776.51511176143
361,Mallee,VIC,BROAD,The Nationals,0.646424802110818,60785.26341688655,159733.94661743115
434,O'Connor,WA,HASSELL,The Nationals,0.1896997223515062,17837.65459243448,46874.50224418302
78,Calare,NSW,GEE,The Nationals,0.48477115664735454,52228.27487487268,137247.54984718544
89,Canning,WA,TURNER,The Nationals,0.04031855182344471,3672.657204149402,9651.155507351965
166,Durack,WA,COLE,The Nationals,0.1619542721183775,13724.97674494402,36067.042889433695
442,Page,NSW,HOGAN,The Nationals,0.4453400395494798,49207.84767001977,129310.35042118476
103,Hunter,NSW,ROGERS,The Nationals,0.26342348671115795,28212.128579791595,74136.95996711955
460,Pearce,WA,SIMMONDS,The Nationals,0.04693161808577208,4534.392144593041,11915.657053247376
287,Indi,VIC,CORBOY,The Nationals,0.18176318973226027,17942.207984850877,47149.25183091053
524,Whitlam,NSW,MANDELSON,The Nationals,0.066196831449453,6983.368536928595,18351.175176082437
130,Cowper,NSW,HARTSUYKER,The Nationals,0.46460303183204266,51613.21540925345,135631.2719810526
199,Forrest,WA,PILKINGTON,The Nationals,0.05113858893302747,4791.6857830246745,12591.78356806356
448,Parkes,NSW,COULTON,The Nationals,0.5811847965346837,58905.40386797633,154793.97650042293
